hecho_id,fecha_hecho,victima,rol,edad,sexo,fecha_fallecimiento,dias_fallecimiento
2016-0001,2016-01-01,MOTO,CONDUCTOR,19.0,MASCULINO,2016-01-01,0.0
2016-0002,2016-01-02,AUTO,CONDUCTOR,70.0,MASCULINO,2016-01-02,0.0
2016-0003,2016-01-03,MOTO,CONDUCTOR,30.0,MASCULINO,2016-01-03,0.0
2016-0004,2016-01-10,MOTO,CONDUCTOR,18.0,MASCULINO,,
2016-0005,2016-01-21,MOTO,CONDUCTOR,29.0,MASCULINO,2016-02-01,11.0
2016-0008,2016-01-24,MOTO,CONDUCTOR,30.0,MASCULINO,2016-01-24,0.0
2016-0009,2016-01-24,MOTO,PASAJERO_ACOMPAÑANTE,29.0,MASCULINO,2016-01-26,2.0
2016-0010,2016-01-29,MOTO,CONDUCTOR,18.0,MASCULINO,2016-01-29,0.0
2016-0012,2016-02-08,MOTO,CONDUCTOR,22.0,MASCULINO,2016-02-08,0.0
2016-0013,2016-02-10,PEATON,PEATON,16.0,MASCULINO,2016-02-10,0.0
2016-0015,2016-02-14,PEATON,PEATON,16.0,FEMENINO,2016-02-14,0.0
2016-0016,2016-02-14,MOTO,PASAJERO_ACOMPAÑANTE,19.0,FEMENINO,2016-02-14,0.0
2016-0017,2016-02-15,PEATON,PEATON,59.0,MASCULINO,2016-02-16,1.0
2016-0019,2016-02-17,PEATON,PEATON,65.0,FEMENINO,2016-02-17,0.0
2016-0020,2016-02-17,PEATON,PEATON,59.0,MASCULINO,2016-03-02,14.0
2016-0021,2016-02-17,AUTO,CONDUCTOR,34.0,MASCULINO,2016-02-17,0.0
2016-0022,2016-02-21,MOTO,PASAJERO_ACOMPAÑANTE,41.0,MASCULINO,,
2016-0025,2016-02-28,AUTO,PASAJERO_ACOMPAÑANTE,34.0,MASCULINO,2016-02-28,0.0
2016-0026,2016-02-28,AUTO,CONDUCTOR,30.0,MASCULINO,2016-03-04,5.0
2016-0027,2016-02-28,AUTO,PASAJERO_ACOMPAÑANTE,34.0,MASCULINO,,
2016-0028,2016-03-02,PEATON,PEATON,50.0,MASCULINO,2016-03-02,0.0
2016-0029,2016-03-04,PEATON,PEATON,38.0,MASCULINO,2016-03-04,0.0
2016-0031,2016-03-08,MOTO,CONDUCTOR,21.0,MASCULINO,,
2016-0034,2016-03-12,PEATON,PEATON,52.0,MASCULINO,2016-03-12,0.0
2016-0035,2016-03-13,MOTO,CONDUCTOR,34.0,MASCULINO,2016-03-13,0.0
2016-0036,2016-03-14,MOTO,PASAJERO_ACOMPAÑANTE,36.0,MASCULINO,2016-03-14,0.0
2016-0037,2016-03-19,MOTO,CONDUCTOR,20.0,MASCULINO,2016-03-19,0.0
2016-0038,2016-03-21,PEATON,PEATON,29.0,MASCULINO,2016-03-21,0.0
2016-0039,2016-03-23,MOTO,CONDUCTOR,20.0,MASCULINO,2016-03-23,0.0
2016-0041,2016-03-29,MOTO,CONDUCTOR,54.0,MASCULINO,2016-03-29,0.0
2016-0041,2016-03-29,MOTO,PASAJERO_ACOMPAÑANTE,,MASCULINO,2016-03-30,1.0
2016-0043,2016-03-30,PEATON,PEATON,56.0,FEMENINO,2016-03-30,0.0
2016-0044,2016-03-31,MOTO,CONDUCTOR,24.0,MASCULINO,2016-03-31,0.0
2016-0045,2016-04-11,MOTO,CONDUCTOR,,MASCULINO,,
2016-0047,2016-04-15,PEATON,PEATON,41.0,MASCULINO,2016-04-15,0.0
2016-0048,2016-04-15,PEATON,PEATON,,FEMENINO,,
2016-0049,2016-04-17,SD,SD,,SD,,
2016-0050,2016-04-19,PEATON,PEATON,78.0,MASCULINO,2016-04-19,0.0
2016-0051,2016-04-20,MOTO,CONDUCTOR,36.0,MASCULINO,2016-04-20,0.0
2016-0052,2016-04-20,MOTO,SD,,SD,,
2016-0053,2016-04-22,PEATON,PEATON,38.0,MASCULINO,2016-04-22,0.0
2016-0054,2016-04-23,MOTO,CONDUCTOR,30.0,MASCULINO,2016-04-25,2.0
2016-0055,2016-04-25,PEATON,PEATON,79.0,MASCULINO,2016-04-28,3.0
2016-0056,2016-04-26,MOTO,CONDUCTOR,26.0,MASCULINO,2016-04-26,0.0
2016-0058,2016-05-04,PEATON,PEATON,57.0,FEMENINO,2016-05-08,4.0
2016-0059,2016-05-08,PEATON,PEATON,37.0,MASCULINO,2016-05-26,18.0
2016-0064,2016-05-14,PEATON,PEATON,20.0,MASCULINO,,
2016-0065,2016-05-20,PEATON,PEATON,20.0,MASCULINO,2016-05-20,0.0
2016-0067,2016-05-21,MOTO,PASAJERO_ACOMPAÑANTE,30.0,FEMENINO,,
2016-0068,2016-05-22,MOTO,CONDUCTOR,58.0,MASCULINO,,
2016-0069,2016-05-23,AUTO,CONDUCTOR,30.0,MASCULINO,2016-05-23,0.0
2016-0073,2016-06-11,MOTO,CONDUCTOR,23.0,MASCULINO,,
2016-0074,2016-06-12,AUTO,CONDUCTOR,60.0,MASCULINO,,
2016-0075,2016-06-12,PEATON,PEATON,42.0,MASCULINO,2016-06-12,0.0
2016-0076,2016-06-13,PEATON,PEATON,53.0,FEMENINO,2016-06-13,0.0
2016-0077,2016-06-13,PEATON,PEATON,,FEMENINO,,
2016-0078,2016-06-13,MOTO,CONDUCTOR,30.0,MASCULINO,,
2016-0079,2016-06-16,AUTO,CONDUCTOR,51.0,FEMENINO,,
2016-0080,2016-06-18,AUTO,CONDUCTOR,60.0,MASCULINO,,
2016-0081,2016-06-22,MOTO,CONDUCTOR,40.0,MASCULINO,,
2016-0082,2016-06-27,PEATON,PEATON,87.0,MASCULINO,2016-07-05,8.0
2016-0083,2016-06-28,PEATON,PEATON,76.0,FEMENINO,2016-06-29,1.0
2016-0084,2016-06-29,PEATON,PEATON,57.0,MASCULINO,2016-07-08,9.0
2016-0085,2016-06-29,MOTO,SD,,MASCULINO,,
2016-0086,2016-06-30,PEATON,PEATON,75.0,MASCULINO,2016-07-01,1.0
2016-0087,2016-07-03,MOTO,CONDUCTOR,23.0,MASCULINO,2016-07-03,0.0
2016-0088,2016-07-11,PEATON,PEATON,70.0,FEMENINO,2016-07-14,3.0
2016-0089,2016-07-14,PEATON,PEATON,35.0,MASCULINO,2016-07-14,0.0
2016-0090,2016-07-14,PEATON,PEATON,60.0,MASCULINO,2016-07-15,1.0
2016-0092,2016-07-15,MOTO,CONDUCTOR,24.0,MASCULINO,2016-07-15,0.0
2016-0093,2016-07-17,AUTO,CONDUCTOR,35.0,MASCULINO,2016-07-19,2.0
2016-0095,2016-07-23,MOTO,CONDUCTOR,29.0,MASCULINO,2016-07-23,0.0
2016-0096,2016-07-25,MOTO,CONDUCTOR,,MASCULINO,,
2016-0097,2016-07-26,PEATON,PEATON,80.0,MASCULINO,2016-08-12,17.0
2016-0098,2016-07-27,MOTO,CONDUCTOR,43.0,FEMENINO,,
2016-0099,2016-07-29,CARGAS,CONDUCTOR,45.0,MASCULINO,,
2016-0100,2016-08-03,MOTO,CONDUCTOR,57.0,MASCULINO,2016-08-03,0.0
2016-0101,2016-08-07,SD,SD,67.0,MASCULINO,,
2016-0102,2016-08-10,MOTO,CONDUCTOR,29.0,MASCULINO,,
2016-0104,2016-08-14,MOTO,CONDUCTOR,21.0,MASCULINO,2016-08-15,1.0
2016-0105,2016-08-17,PEATON,PEATON,19.0,MASCULINO,2016-08-26,9.0
2016-0106,2016-08-19,PEATON,PEATON,38.0,MASCULINO,,
2016-0107,2016-08-20,MOTO,CONDUCTOR,21.0,MASCULINO,,
2016-0109,2016-08-24,AUTO,CONDUCTOR,53.0,FEMENINO,2016-08-24,0.0
2016-0110,2016-08-24,PEATON,PEATON,57.0,MASCULINO,,
2016-0111,2016-08-25,MOTO,CONDUCTOR,27.0,MASCULINO,2016-08-25,0.0
2016-0112,2016-08-27,MOTO,CONDUCTOR,24.0,MASCULINO,2016-08-27,0.0
2016-0113,2016-08-27,PEATON,PEATON,60.0,FEMENINO,,
2016-0114,2016-08-31,BICICLETA,CICLISTA,55.0,FEMENINO,2016-08-31,0.0
2016-0115,2016-09-02,SD,SD,,MASCULINO,,
2016-0116,2016-09-02,MOTO,CONDUCTOR,30.0,MASCULINO,2016-09-02,0.0
2016-0117,2016-09-03,AUTO,CONDUCTOR,43.0,MASCULINO,,
2016-0118,2016-09-04,AUTO,CONDUCTOR,27.0,MASCULINO,2016-09-04,0.0
2016-0119,2016-09-04,SD,PASAJERO_ACOMPAÑANTE,,FEMENINO,,
2016-0122,2016-09-13,BICICLETA,CICLISTA,49.0,MASCULINO,2016-09-13,0.0
2016-0123,2016-09-14,MOTO,CONDUCTOR,58.0,FEMENINO,,
2016-0124,2016-09-16,PEATON,PEATON,67.0,MASCULINO,,
2016-0125,2016-09-17,MOTO,CONDUCTOR,30.0,MASCULINO,,
2016-0126,2016-09-18,AUTO,CONDUCTOR,37.0,MASCULINO,,
2016-0126,2016-09-18,AUTO,PASAJERO_ACOMPAÑANTE,60.0,MASCULINO,,
2016-0127,2016-09-24,PEATON,PEATON,50.0,MASCULINO,,
2016-0128,2016-10-02,PEATON,PEATON,81.0,FEMENINO,2016-10-02,0.0
2016-0130,2016-10-04,MOTO,CONDUCTOR,29.0,MASCULINO,2016-10-04,0.0
2016-0131,2016-10-09,PEATON,PEATON,35.0,MASCULINO,,
2016-0132,2016-10-10,AUTO,PASAJERO_ACOMPAÑANTE,30.0,MASCULINO,2016-10-10,0.0
2016-0133,2016-10-14,MOTO,CONDUCTOR,41.0,MASCULINO,2016-10-25,11.0
2016-0134,2016-10-23,MOTO,CONDUCTOR,25.0,MASCULINO,2016-10-23,0.0
2016-0135,2016-10-24,PEATON,PEATON,29.0,MASCULINO,2016-10-25,1.0
2016-0136,2016-10-25,MOTO,CONDUCTOR,,SD,,
2016-0137,2016-10-25,MOTO,CONDUCTOR,30.0,MASCULINO,,
2016-0138,2016-10-27,BICICLETA,CICLISTA,33.0,FEMENINO,,
2016-0139,2016-10-28,MOTO,PASAJERO_ACOMPAÑANTE,35.0,FEMENINO,,
2016-0140,2016-10-31,PASAJEROS,PASAJERO_ACOMPAÑANTE,20.0,MASCULINO,,
2016-0142,2016-11-05,MOTO,CONDUCTOR,46.0,MASCULINO,2016-11-05,0.0
2016-0143,2016-11-06,MOTO,CONDUCTOR,35.0,MASCULINO,,
2016-0144,2016-11-07,PEATON,PEATON,83.0,MASCULINO,,
2016-0145,2016-11-07,MOTO,CONDUCTOR,39.0,MASCULINO,2016-11-07,0.0
2016-0146,2016-11-09,PEATON,PEATON,29.0,FEMENINO,,
2016-0147,2016-11-16,MOVIL,PASAJERO_ACOMPAÑANTE,55.0,MASCULINO,2016-11-16,0.0
2016-0148,2016-11-16,MOTO,CONDUCTOR,,MASCULINO,,
2016-0150,2016-11-18,CARGAS,PASAJERO_ACOMPAÑANTE,41.0,MASCULINO,2016-11-18,0.0
2016-0151,2016-11-18,PEATON,PEATON,,SD,,
2016-0152,2016-11-23,MOTO,CONDUCTOR,42.0,MASCULINO,2016-11-24,1.0
2016-0153,2016-11-25,PEATON,PEATON,83.0,FEMENINO,2016-11-25,0.0
2016-0154,2016-11-26,MOTO,CONDUCTOR,38.0,MASCULINO,,
2016-0155,2016-11-26,PEATON,PEATON,29.0,FEMENINO,,
2016-0156,2016-11-26,MOTO,CONDUCTOR,23.0,MASCULINO,2016-11-30,4.0
2016-0157,2016-12-03,MOTO,CONDUCTOR,23.0,MASCULINO,,
2016-0159,2016-12-04,AUTO,CONDUCTOR,23.0,MASCULINO,,
2016-0160,2016-12-06,CARGAS,CONDUCTOR,29.0,MASCULINO,2016-12-06,0.0
2016-0161,2016-12-06,PEATON,PEATON,50.0,MASCULINO,2016-12-06,0.0
2016-0162,2016-12-07,PEATON,PEATON,38.0,MASCULINO,2017-01-01,25.0
2016-0163,2016-12-10,MOTO,CONDUCTOR,23.0,MASCULINO,,
2016-0164,2016-12-11,AUTO,CONDUCTOR,29.0,MASCULINO,,
2016-0165,2016-12-12,BICICLETA,CICLISTA,37.0,MASCULINO,,
2016-0168,2016-12-13,MOTO,CONDUCTOR,43.0,MASCULINO,2016-12-13,0.0
2016-0169,2016-12-15,MOTO,CONDUCTOR,24.0,MASCULINO,2016-12-16,1.0
2016-0170,2016-12-19,MOTO,PASAJERO_ACOMPAÑANTE,21.0,MASCULINO,2016-12-19,0.0
2016-0171,2016-12-25,MOTO,CONDUCTOR,,SD,,
2016-0172,2016-12-26,MOTO,CONDUCTOR,38.0,MASCULINO,2016-12-26,0.0
2016-0173,2016-12-26,MOTO,CONDUCTOR,35.0,MASCULINO,,
2016-0174,2016-12-27,SD,SD,,SD,,
2016-0175,2016-12-27,PEATON,PEATON,,FEMENINO,,
2016-0176,2016-12-28,MOTO,CONDUCTOR,28.0,MASCULINO,,
2016-0177,2016-12-29,PEATON,PEATON,27.0,FEMENINO,,
2016-0178,2016-12-30,PEATON,PEATON,7.0,FEMENINO,,
2017-0001,2017-01-02,MOTO,CONDUCTOR,18.0,MASCULINO,2017-01-02,0.0
2017-0003,2017-01-05,CARGAS,PASAJERO_ACOMPAÑANTE,33.0,MASCULINO,2017-01-05,0.0
2017-0007,2017-01-11,PEATON,PEATON,48.0,MASCULINO,2017-01-11,0.0
2017-0008,2017-01-16,MOTO,CONDUCTOR,29.0,MASCULINO,2017-01-16,0.0
2017-0009,2017-01-16,MOTO,CONDUCTOR,36.0,MASCULINO,2017-01-16,0.0
2017-0010,2017-01-16,MOTO,CONDUCTOR,23.0,MASCULINO,2017-01-16,0.0
2017-0011,2017-01-22,MOTO,PASAJERO_ACOMPAÑANTE,29.0,FEMENINO,2017-01-22,0.0
2017-0012,2017-01-24,MOTO,CONDUCTOR,30.0,MASCULINO,2017-01-24,0.0
2017-0013,2017-01-27,PEATON,PEATON,4.0,MASCULINO,2017-01-27,0.0
2017-0014,2017-01-28,MOTO,PASAJERO_ACOMPAÑANTE,22.0,FEMENINO,2017-01-28,0.0
2017-0015,2017-02-02,PEATON,PEATON,82.0,MASCULINO,2017-02-21,19.0
2017-0016,2017-02-03,MOTO,CONDUCTOR,27.0,MASCULINO,2017-02-04,1.0
2017-0017,2017-02-06,MOTO,CONDUCTOR,32.0,MASCULINO,2017-02-06,0.0
2017-0018,2017-02-09,MOTO,CONDUCTOR,30.0,MASCULINO,2017-02-09,0.0
2017-0021,2017-02-18,MOTO,CONDUCTOR,43.0,MASCULINO,2017-02-18,0.0
2017-0024,2017-02-23,PEATON,PEATON,39.0,MASCULINO,2017-02-23,0.0
2017-0025,2017-02-24,MOTO,CONDUCTOR,23.0,MASCULINO,2017-02-24,0.0
2017-0026,2017-02-26,AUTO,PASAJERO_ACOMPAÑANTE,23.0,FEMENINO,2017-02-26,0.0
2017-0026,2017-02-26,AUTO,CONDUCTOR,19.0,MASCULINO,2017-02-26,0.0
2017-0027,2017-02-26,PEATON,PEATON,,MASCULINO,2017-02-26,0.0
2017-0028,2017-02-28,PEATON,PEATON,87.0,MASCULINO,2017-02-28,0.0
2017-0029,2017-03-07,SD,SD,34.0,MASCULINO,2017-03-07,0.0
2017-0030,2017-03-07,AUTO,CONDUCTOR,27.0,FEMENINO,2017-03-07,0.0
2017-0031,2017-03-11,AUTO,PASAJERO_ACOMPAÑANTE,70.0,MASCULINO,2017-03-11,0.0
2017-0032,2017-03-12,AUTO,PASAJERO_ACOMPAÑANTE,40.0,FEMENINO,2017-03-12,0.0
2017-0033,2017-03-12,AUTO,CONDUCTOR,28.0,MASCULINO,2017-03-12,0.0
2017-0034,2017-03-13,PEATON,PEATON,43.0,MASCULINO,2017-03-13,0.0
2017-0035,2017-03-23,AUTO,CONDUCTOR,28.0,MASCULINO,2017-03-23,0.0
2017-0035,2017-03-23,AUTO,PASAJERO_ACOMPAÑANTE,32.0,MASCULINO,2017-03-23,0.0
2017-0035,2017-03-23,AUTO,PASAJERO_ACOMPAÑANTE,30.0,MASCULINO,2017-03-23,0.0
2017-0036,2017-03-29,MOTO,PASAJERO_ACOMPAÑANTE,,FEMENINO,2017-03-29,0.0
2017-0036,2017-03-29,MOTO,CONDUCTOR,20.0,MASCULINO,2017-03-29,0.0
2017-0037,2017-03-31,MOTO,CONDUCTOR,41.0,MASCULINO,2017-03-31,0.0
2017-0038,2017-04-01,MOTO,CONDUCTOR,40.0,FEMENINO,2017-04-01,0.0
2017-0040,2017-04-03,AUTO,CONDUCTOR,43.0,MASCULINO,2017-04-03,0.0
2017-0041,2017-04-03,MOTO,CONDUCTOR,17.0,MASCULINO,,
2017-0042,2017-04-10,MOTO,CONDUCTOR,,MASCULINO,2017-04-10,0.0
2017-0045,2017-04-14,MOTO,CONDUCTOR,21.0,MASCULINO,2017-04-14,0.0
2017-0047,2017-04-23,MOTO,CONDUCTOR,37.0,MASCULINO,2017-04-23,0.0
2017-0049,2017-04-27,PEATON,PEATON,22.0,MASCULINO,2017-04-27,0.0
2017-0050,2017-04-28,MOTO,CONDUCTOR,46.0,MASCULINO,2017-04-28,0.0
2017-0050,2017-04-28,MOTO,PASAJERO_ACOMPAÑANTE,16.0,MASCULINO,2017-04-28,0.0
2017-0051,2017-05-01,AUTO,CONDUCTOR,33.0,MASCULINO,2017-05-01,0.0
2017-0052,2017-05-05,PEATON,PEATON,47.0,FEMENINO,2017-05-05,0.0
2017-0053,2017-05-05,MOTO,CONDUCTOR,28.0,MASCULINO,2017-05-05,0.0
2017-0054,2017-05-07,MOTO,PASAJERO_ACOMPAÑANTE,20.0,FEMENINO,2017-05-07,0.0
2017-0055,2017-05-09,AUTO,CONDUCTOR,32.0,MASCULINO,2017-05-09,0.0
2017-0058,2017-05-09,PEATON,PEATON,80.0,MASCULINO,2017-05-09,0.0
2017-0059,2017-05-11,PEATON,PEATON,39.0,FEMENINO,2017-05-11,0.0
2017-0060,2017-05-13,MOTO,PASAJERO_ACOMPAÑANTE,30.0,MASCULINO,2017-05-13,0.0
2017-0061,2017-05-15,PEATON,PEATON,47.0,MASCULINO,2017-05-16,1.0
2017-0062,2017-05-15,MOTO,CONDUCTOR,35.0,MASCULINO,2017-05-15,0.0
2017-0063,2017-05-17,PEATON,PEATON,79.0,FEMENINO,2017-05-17,0.0
2017-0064,2017-05-20,CARGAS,PASAJERO_ACOMPAÑANTE,61.0,MASCULINO,2017-05-20,0.0
2017-0065,2017-05-22,BICICLETA,CICLISTA,21.0,MASCULINO,2017-05-22,0.0
2017-0066,2017-05-22,PEATON,PEATON,10.0,MASCULINO,2017-05-22,0.0
2017-0067,2017-05-23,MOTO,CONDUCTOR,21.0,MASCULINO,2017-05-23,0.0
2017-0068,2017-05-27,MOTO,CONDUCTOR,32.0,MASCULINO,2017-05-27,0.0
2017-0069,2017-05-29,MOTO,CONDUCTOR,39.0,MASCULINO,2017-05-29,0.0
2017-0070,2017-05-30,PEATON,PEATON,80.0,MASCULINO,2017-05-31,1.0
2017-0072,2017-06-03,AUTO,CONDUCTOR,25.0,MASCULINO,2017-06-03,0.0
2017-0073,2017-06-04,MOTO,CONDUCTOR,19.0,MASCULINO,2017-06-04,0.0
2017-0074,2017-06-04,SD,SD,70.0,MASCULINO,2017-06-04,0.0
2017-0075,2017-06-12,PEATON,PEATON,55.0,MASCULINO,2017-06-12,0.0
2017-0076,2017-06-13,PEATON,PEATON,30.0,FEMENINO,2017-06-13,0.0
2017-0077,2017-06-17,MOTO,CONDUCTOR,60.0,FEMENINO,2017-06-18,1.0
2017-0079,2017-06-19,MOTO,CONDUCTOR,33.0,MASCULINO,2017-06-19,0.0
2017-0080,2017-06-22,PEATON,PEATON,95.0,FEMENINO,2017-06-22,0.0
2017-0082,2017-06-25,PEATON,PEATON,36.0,MASCULINO,2017-06-25,0.0
2017-0083,2017-07-04,MOTO,CONDUCTOR,37.0,MASCULINO,2017-07-04,0.0
2017-0084,2017-07-05,PEATON,PEATON,73.0,FEMENINO,2017-07-05,0.0
2017-0085,2017-07-07,PEATON,PEATON,84.0,MASCULINO,2017-07-07,0.0
2017-0086,2017-07-09,PEATON,PEATON,30.0,FEMENINO,2017-07-09,0.0
2017-0087,2017-07-10,PEATON,PEATON,73.0,FEMENINO,2017-07-10,0.0
2017-0088,2017-07-10,PEATON,PEATON,43.0,MASCULINO,2017-07-10,0.0
2017-0089,2017-07-13,SD,SD,23.0,MASCULINO,,
2017-0090,2017-07-15,PEATON,PEATON,22.0,MASCULINO,2017-07-15,0.0
2017-0091,2017-07-15,MOTO,CONDUCTOR,58.0,MASCULINO,2017-07-15,0.0
2017-0092,2017-07-24,PEATON,PEATON,66.0,MASCULINO,2017-07-24,0.0
2017-0093,2017-07-25,PEATON,PEATON,,MASCULINO,2017-07-25,0.0
2017-0094,2017-07-27,BICICLETA,CICLISTA,56.0,FEMENINO,2017-07-27,0.0
2017-0095,2017-08-06,MOTO,CONDUCTOR,36.0,MASCULINO,2017-08-06,0.0
2017-0096,2017-08-07,PEATON,PEATON,87.0,MASCULINO,2017-08-07,0.0
2017-0098,2017-08-08,PEATON,PEATON,61.0,FEMENINO,2017-08-08,0.0
2017-0099,2017-08-17,BICICLETA,CICLISTA,28.0,MASCULINO,2017-08-17,0.0
2017-0100,2017-08-21,MOTO,PASAJERO_ACOMPAÑANTE,16.0,FEMENINO,2017-08-21,0.0
2017-0101,2017-08-23,PEATON,PEATON,61.0,FEMENINO,2017-08-23,0.0
2017-0102,2017-08-24,PEATON,PEATON,46.0,MASCULINO,2017-08-24,0.0
2017-0104,2017-08-25,PEATON,PEATON,18.0,FEMENINO,2017-08-25,0.0
2017-0106,2017-08-31,PEATON,PEATON,85.0,FEMENINO,2017-08-31,0.0
2017-0107,2017-09-01,MOTO,CONDUCTOR,41.0,MASCULINO,2017-09-01,0.0
2017-0108,2017-09-02,AUTO,PASAJERO_ACOMPAÑANTE,17.0,MASCULINO,2017-09-02,0.0
2017-0108,2017-09-02,AUTO,PASAJERO_ACOMPAÑANTE,10.0,MASCULINO,2017-09-02,0.0
2017-0109,2017-09-04,MOTO,CONDUCTOR,21.0,MASCULINO,2017-09-05,1.0
2017-0110,2017-09-06,PEATON,PEATON,56.0,MASCULINO,2017-09-07,1.0
2017-0111,2017-09-07,PEATON,PEATON,79.0,FEMENINO,2017-09-07,0.0
2017-0112,2017-09-10,AUTO,PASAJERO_ACOMPAÑANTE,1.0,MASCULINO,,
2017-0112,2017-09-10,AUTO,PASAJERO_ACOMPAÑANTE,,MASCULINO,2017-09-13,3.0
2017-0113,2017-09-11,PEATON,PEATON,76.0,FEMENINO,2017-09-11,0.0
2017-0114,2017-09-15,AUTO,CONDUCTOR,26.0,MASCULINO,2017-09-15,0.0
2017-0115,2017-09-19,MOTO,CONDUCTOR,34.0,MASCULINO,,
2017-0116,2017-09-20,MOTO,CONDUCTOR,22.0,MASCULINO,2017-09-20,0.0
2017-0118,2017-09-22,MOTO,PASAJERO_ACOMPAÑANTE,26.0,FEMENINO,2017-09-29,7.0
2017-0120,2017-10-02,MOTO,CONDUCTOR,20.0,MASCULINO,2017-10-02,0.0
2017-0123,2017-10-10,PEATON,PEATON,36.0,FEMENINO,2017-10-10,0.0
2017-0124,2017-10-12,MOTO,CONDUCTOR,51.0,MASCULINO,2017-10-12,0.0
2017-0125,2017-10-13,MOTO,CONDUCTOR,29.0,MASCULINO,2017-10-13,0.0
2017-0126,2017-10-14,AUTO,PASAJERO_ACOMPAÑANTE,39.0,MASCULINO,,
2017-0126,2017-10-14,AUTO,CONDUCTOR,36.0,MASCULINO,2017-10-14,0.0
2017-0127,2017-10-16,MOTO,PASAJERO_ACOMPAÑANTE,24.0,MASCULINO,2017-10-16,0.0
2017-0128,2017-10-17,PEATON,PEATON,60.0,FEMENINO,2017-10-17,0.0
2017-0129,2017-10-26,MOTO,CONDUCTOR,57.0,MASCULINO,2017-10-26,0.0
2017-0130,2017-10-27,AUTO,CONDUCTOR,23.0,MASCULINO,2017-10-27,0.0
2017-0132,2017-10-30,MOTO,CONDUCTOR,23.0,MASCULINO,2017-10-30,0.0
2017-0134,2017-11-06,PEATON,PEATON,47.0,FEMENINO,2017-11-06,0.0
2017-0135,2017-11-07,MOTO,CONDUCTOR,24.0,MASCULINO,2017-11-07,0.0
2017-0136,2017-11-16,PEATON,PEATON,55.0,MASCULINO,2017-11-16,0.0
2017-0137,2017-11-17,PEATON,PEATON,60.0,FEMENINO,2017-11-17,0.0
2017-0138,2017-11-19,MOTO,PASAJERO_ACOMPAÑANTE,25.0,MASCULINO,2017-11-19,0.0
2017-0139,2017-11-19,AUTO,PASAJERO_ACOMPAÑANTE,15.0,FEMENINO,2017-11-19,0.0
2017-0140,2017-11-19,MOTO,CONDUCTOR,24.0,MASCULINO,2017-11-19,0.0
2017-0141,2017-11-23,PEATON,PEATON,22.0,FEMENINO,2017-11-23,0.0
2017-0143,2017-11-25,AUTO,CONDUCTOR,50.0,MASCULINO,2017-11-25,0.0
2017-0144,2017-11-26,AUTO,PASAJERO_ACOMPAÑANTE,50.0,FEMENINO,2017-11-26,0.0
2017-0145,2017-11-26,MOTO,CONDUCTOR,58.0,MASCULINO,2017-11-26,0.0
2017-0147,2017-11-28,MOTO,CONDUCTOR,49.0,MASCULINO,2017-11-28,0.0
2017-0148,2017-11-29,PEATON,PEATON,82.0,FEMENINO,2017-11-29,0.0
2017-0149,2017-11-30,PEATON,PEATON,13.0,MASCULINO,2017-11-30,0.0
2017-0150,2017-12-04,PEATON,PEATON,56.0,MASCULINO,2017-12-04,0.0
2017-0151,2017-12-04,PEATON,PEATON,,MASCULINO,2017-12-04,0.0
2017-0152,2017-12-06,BICICLETA,CICLISTA,19.0,MASCULINO,2017-12-06,0.0
2017-0153,2017-12-11,MOTO,PASAJERO_ACOMPAÑANTE,,MASCULINO,2017-12-12,1.0
2017-0153,2017-12-11,MOTO,CONDUCTOR,30.0,MASCULINO,2017-12-12,1.0
2017-0154,2017-12-11,PEATON,PEATON,76.0,MASCULINO,2017-12-11,0.0
2017-0155,2017-12-12,SD,SD,77.0,MASCULINO,,
2017-0157,2017-12-17,AUTO,CONDUCTOR,53.0,MASCULINO,2017-12-17,0.0
2017-0158,2017-12-18,MOTO,CONDUCTOR,32.0,MASCULINO,2017-12-18,0.0
2017-0159,2017-12-20,MOTO,CONDUCTOR,27.0,MASCULINO,2017-12-20,0.0
2017-0160,2017-12-22,PEATON,PEATON,30.0,FEMENINO,2017-12-22,0.0
2017-0161,2017-12-26,PEATON,PEATON,30.0,FEMENINO,2017-12-26,0.0
2018-0001,2018-01-01,PEATON,PEATON,83.0,MASCULINO,2018-01-02,1.0
2018-0002,2018-01-03,BICICLETA,CICLISTA,26.0,FEMENINO,2018-01-03,0.0
2018-0003,2018-01-05,PEATON,PEATON,58.0,FEMENINO,2018-01-05,0.0
2018-0004,2018-01-09,MOTO,CONDUCTOR,39.0,MASCULINO,2018-01-09,0.0
2018-0005,2018-01-09,PEATON,PEATON,54.0,MASCULINO,2018-01-09,0.0
2018-0006,2018-01-10,BICICLETA,CICLISTA,45.0,FEMENINO,2018-01-10,0.0
2018-0007,2018-01-11,AUTO,CONDUCTOR,46.0,MASCULINO,2018-01-11,0.0
2018-0008,2018-01-12,MOTO,CONDUCTOR,32.0,FEMENINO,2018-01-12,0.0
2018-0009,2018-01-14,MOTO,CONDUCTOR,19.0,MASCULINO,2018-01-14,0.0
2018-0010,2018-01-18,MOTO,CONDUCTOR,40.0,MASCULINO,2018-01-18,0.0
2018-0011,2018-01-19,PEATON,PEATON,84.0,MASCULINO,2018-01-19,0.0
2018-0012,2018-01-26,MOTO,CONDUCTOR,20.0,MASCULINO,2018-01-26,0.0
2018-0013,2018-01-28,MOTO,CONDUCTOR,44.0,MASCULINO,2018-01-28,0.0
2018-0014,2018-01-31,PEATON,PEATON,,MASCULINO,2018-02-04,4.0
2018-0015,2018-02-06,MOTO,CONDUCTOR,28.0,MASCULINO,2018-02-06,0.0
2018-0015,2018-02-06,MOTO,PASAJERO_ACOMPAÑANTE,19.0,MASCULINO,2018-02-06,0.0
2018-0016,2018-02-15,MOTO,CONDUCTOR,31.0,MASCULINO,2018-02-15,0.0
2018-0017,2018-02-17,PEATON,PEATON,35.0,MASCULINO,2018-02-20,3.0
2018-0018,2018-02-17,MOTO,CONDUCTOR,26.0,MASCULINO,2018-02-17,0.0
2018-0019,2018-02-17,PEATON,PEATON,80.0,FEMENINO,2018-02-17,0.0
2018-0020,2018-02-19,MOTO,CONDUCTOR,26.0,MASCULINO,2018-02-19,0.0
2018-0021,2018-02-22,PEATON,PEATON,62.0,FEMENINO,2018-02-22,0.0
2018-0022,2018-02-24,MOTO,CONDUCTOR,28.0,MASCULINO,2018-02-24,0.0
2018-0023,2018-02-24,MOTO,CONDUCTOR,28.0,MASCULINO,2018-02-24,0.0
2018-0024,2018-02-28,PEATON,PEATON,70.0,MASCULINO,2018-02-28,0.0
2018-0025,2018-03-04,PEATON,PEATON,70.0,MASCULINO,2018-03-05,1.0
2018-0026,2018-03-09,MOVIL,CONDUCTOR,24.0,MASCULINO,2018-03-09,0.0
2018-0026,2018-03-09,MOVIL,PASAJERO_ACOMPAÑANTE,30.0,MASCULINO,2018-03-09,0.0
2018-0027,2018-03-11,PEATON,PEATON,74.0,FEMENINO,2018-03-11,0.0
2018-0028,2018-03-13,PEATON,PEATON,71.0,MASCULINO,2018-03-13,0.0
2018-0029,2018-03-15,MOTO,CONDUCTOR,26.0,MASCULINO,2018-03-15,0.0
2018-0030,2018-03-20,MOTO,CONDUCTOR,24.0,MASCULINO,2018-03-20,0.0
2018-0031,2018-03-28,MOTO,CONDUCTOR,31.0,MASCULINO,2018-03-28,0.0
2018-0032,2018-04-02,PEATON,PEATON,70.0,MASCULINO,2018-04-02,0.0
2018-0033,2018-04-07,MOTO,CONDUCTOR,42.0,FEMENINO,2018-04-10,3.0
2018-0034,2018-04-11,PEATON,PEATON,24.0,MASCULINO,2018-04-11,0.0
2018-0035,2018-04-12,PEATON,PEATON,39.0,FEMENINO,2018-04-12,0.0
2018-0036,2018-04-13,MOTO,CONDUCTOR,37.0,MASCULINO,2018-04-15,2.0
2018-0037,2018-04-18,PEATON,PEATON,84.0,MASCULINO,2018-04-19,1.0
2018-0038,2018-04-20,PEATON,PEATON,59.0,FEMENINO,2018-04-20,0.0
2018-0038,2018-04-20,PEATON,PEATON,61.0,MASCULINO,2018-04-20,0.0
2018-0039,2018-04-21,PEATON,PEATON,37.0,MASCULINO,2018-04-21,0.0
2018-0040,2018-04-27,PEATON,PEATON,,FEMENINO,2018-04-27,0.0
2018-0041,2018-04-27,PEATON,PEATON,78.0,FEMENINO,2018-04-27,0.0
2018-0042,2018-04-27,MOTO,PASAJERO_ACOMPAÑANTE,23.0,MASCULINO,2018-04-27,0.0
2018-0043,2018-04-28,MOTO,CONDUCTOR,25.0,MASCULINO,2018-04-29,1.0
2018-0044,2018-04-28,PEATON,PEATON,50.0,FEMENINO,2018-04-28,0.0
2018-0045,2018-04-30,AUTO,CONDUCTOR,60.0,MASCULINO,2018-04-30,0.0
2018-0046,2018-05-02,PEATON,PEATON,11.0,MASCULINO,2018-05-02,0.0
2018-0047,2018-05-08,PEATON,PEATON,82.0,MASCULINO,2018-05-09,1.0
2018-0048,2018-05-09,PEATON,PEATON,57.0,MASCULINO,2018-05-16,7.0
2018-0049,2018-05-11,PEATON,PEATON,40.0,FEMENINO,2018-05-13,2.0
2018-0050,2018-05-14,PEATON,PEATON,47.0,FEMENINO,2018-05-24,10.0
2018-0051,2018-05-15,PEATON,PEATON,57.0,FEMENINO,2018-05-15,0.0
2018-0052,2018-05-18,PEATON,PEATON,78.0,MASCULINO,2018-05-19,1.0
2018-0053,2018-05-20,MOTO,CONDUCTOR,43.0,MASCULINO,2018-05-20,0.0
2018-0054,2018-05-22,PEATON,PEATON,86.0,FEMENINO,2018-05-25,3.0
2018-0055,2018-05-29,MOTO,CONDUCTOR,21.0,MASCULINO,2018-05-29,0.0
2018-0056,2018-06-02,PEATON,PEATON,69.0,FEMENINO,2018-06-04,2.0
2018-0057,2018-06-03,MOTO,CONDUCTOR,33.0,MASCULINO,2018-06-04,1.0
2018-0058,2018-06-03,MOTO,CONDUCTOR,26.0,MASCULINO,2018-06-13,10.0
2018-0059,2018-06-08,MOTO,CONDUCTOR,54.0,MASCULINO,2018-06-08,0.0
2018-0060,2018-06-08,PEATON,PEATON,51.0,MASCULINO,2018-06-08,0.0
2018-0061,2018-06-10,MOTO,CONDUCTOR,51.0,MASCULINO,2018-06-10,0.0
2018-0062,2018-06-14,PEATON,PEATON,32.0,MASCULINO,2018-06-14,0.0
2018-0063,2018-06-16,PEATON,PEATON,28.0,FEMENINO,2018-06-17,1.0
2018-0064,2018-06-25,AUTO,CONDUCTOR,30.0,MASCULINO,2018-06-25,0.0
2018-0065,2018-06-26,MOTO,CONDUCTOR,35.0,MASCULINO,2018-06-26,0.0
2018-0066,2018-06-28,PEATON,PEATON,73.0,MASCULINO,2018-06-28,0.0
2018-0067,2018-06-29,PASAJEROS,PASAJERO_ACOMPAÑANTE,81.0,FEMENINO,2018-07-06,7.0
2018-0068,2018-07-01,MOTO,CONDUCTOR,21.0,MASCULINO,2018-07-01,0.0
2018-0069,2018-07-04,BICICLETA,CICLISTA,20.0,MASCULINO,2018-07-04,0.0
2018-0070,2018-07-07,MOTO,CONDUCTOR,33.0,MASCULINO,2018-07-07,0.0
2018-0071,2018-07-10,MOTO,CONDUCTOR,,MASCULINO,2018-07-10,0.0
2018-0072,2018-07-11,MOTO,CONDUCTOR,27.0,MASCULINO,2018-07-13,2.0
2018-0073,2018-07-11,PEATON,PEATON,67.0,FEMENINO,2018-07-11,0.0
2018-0074,2018-07-14,AUTO,CONDUCTOR,25.0,MASCULINO,2018-07-14,0.0
2018-0075,2018-07-15,PEATON,PEATON,23.0,MASCULINO,2018-07-15,0.0
2018-0076,2018-07-16,AUTO,CONDUCTOR,73.0,MASCULINO,2018-07-16,0.0
2018-0077,2018-07-16,AUTO,CONDUCTOR,58.0,MASCULINO,2018-07-17,1.0
2018-0078,2018-07-21,PEATON,PEATON,27.0,MASCULINO,2018-07-21,0.0
2018-0079,2018-07-23,PEATON,PEATON,,MASCULINO,2018-07-23,0.0
2018-0080,2018-07-25,PEATON,PEATON,26.0,MASCULINO,2018-07-25,0.0
2018-0081,2018-07-29,PEATON,PEATON,35.0,MASCULINO,2018-07-29,0.0
2018-0082,2018-08-01,MOTO,CONDUCTOR,17.0,FEMENINO,2018-08-01,0.0
2018-0083,2018-08-02,MOTO,CONDUCTOR,,MASCULINO,2018-08-02,0.0
2018-0084,2018-08-03,PEATON,PEATON,45.0,MASCULINO,2018-08-03,0.0
2018-0085,2018-08-03,MOTO,PASAJERO_ACOMPAÑANTE,22.0,FEMENINO,2018-08-03,0.0
2018-0085,2018-08-03,MOTO,CONDUCTOR,30.0,MASCULINO,2018-08-03,0.0
2018-0086,2018-08-10,PEATON,PEATON,40.0,MASCULINO,2018-08-10,0.0
2018-0087,2018-08-15,PEATON,PEATON,75.0,MASCULINO,2018-08-20,5.0
2018-0088,2018-08-17,MOTO,CONDUCTOR,,MASCULINO,2018-08-17,0.0
2018-0089,2018-08-17,PEATON,PEATON,80.0,MASCULINO,2018-08-17,0.0
2018-0090,2018-08-18,MOTO,CONDUCTOR,27.0,MASCULINO,2018-08-18,0.0
2018-0091,2018-08-19,AUTO,PASAJERO_ACOMPAÑANTE,23.0,FEMENINO,2018-08-19,0.0
2018-0092,2018-08-20,MOTO,CONDUCTOR,23.0,MASCULINO,2018-08-20,0.0
2018-0093,2018-08-20,PEATON,PEATON,24.0,MASCULINO,2018-08-20,0.0
2018-0094,2018-08-23,MOTO,CONDUCTOR,32.0,MASCULINO,2018-08-23,0.0
2018-0095,2018-08-26,AUTO,PASAJERO_ACOMPAÑANTE,49.0,FEMENINO,2018-08-26,0.0
2018-0096,2018-08-31,PEATON,PEATON,39.0,MASCULINO,2018-08-31,0.0
2018-0097,2018-09-02,AUTO,CONDUCTOR,35.0,FEMENINO,2018-09-02,0.0
2018-0098,2018-09-09,AUTO,CONDUCTOR,55.0,MASCULINO,2018-09-09,0.0
2018-0098,2018-09-09,AUTO,PASAJERO_ACOMPAÑANTE,54.0,MASCULINO,2018-09-09,0.0
2018-0099,2018-09-12,PEATON,PEATON,18.0,MASCULINO,2018-09-13,1.0
2018-0100,2018-09-20,MOTO,SD,33.0,FEMENINO,2018-09-20,0.0
2018-0101,2018-09-21,AUTO,CONDUCTOR,,MASCULINO,2018-09-21,0.0
2018-0102,2018-09-21,MOTO,CONDUCTOR,20.0,MASCULINO,2018-09-21,0.0
2018-0103,2018-09-27,PEATON,PEATON,1.0,MASCULINO,2018-09-29,2.0
2018-0104,2018-10-01,MOTO,CONDUCTOR,22.0,MASCULINO,2018-10-01,0.0
2018-0105,2018-10-03,PEATON,PEATON,56.0,FEMENINO,2018-10-03,0.0
2018-0106,2018-10-04,MOTO,CONDUCTOR,27.0,MASCULINO,2018-10-04,0.0
2018-0107,2018-10-06,PEATON,PEATON,62.0,FEMENINO,2018-10-06,0.0
2018-0108,2018-10-09,MOTO,CONDUCTOR,37.0,MASCULINO,2018-10-10,1.0
2018-0109,2018-10-10,PEATON,PEATON,34.0,MASCULINO,2018-10-10,0.0
2018-0110,2018-10-13,PEATON,PEATON,60.0,MASCULINO,2018-10-14,1.0
2018-0111,2018-10-19,MOTO,CONDUCTOR,28.0,MASCULINO,2018-10-19,0.0
2018-0112,2018-10-24,MOTO,CONDUCTOR,28.0,FEMENINO,2018-10-24,0.0
2018-0113,2018-10-25,MOTO,CONDUCTOR,20.0,MASCULINO,2018-10-25,0.0
2018-0114,2018-10-30,MOTO,CONDUCTOR,23.0,MASCULINO,2018-10-30,0.0
2018-0115,2018-10-31,PEATON,PEATON,42.0,MASCULINO,2018-11-01,1.0
2018-0116,2018-11-01,PEATON,PEATON,48.0,MASCULINO,2018-11-08,7.0
2018-0117,2018-11-04,MOTO,CONDUCTOR,30.0,MASCULINO,2018-11-08,4.0
2018-0118,2018-11-05,PEATON,PEATON,80.0,FEMENINO,2018-11-05,0.0
2018-0119,2018-11-05,PEATON,PEATON,32.0,FEMENINO,2018-11-06,1.0
2018-0120,2018-11-09,PEATON,PEATON,51.0,FEMENINO,2018-11-20,11.0
2018-0121,2018-11-09,PEATON,PEATON,72.0,FEMENINO,2018-11-09,0.0
2018-0122,2018-11-12,AUTO,CONDUCTOR,33.0,MASCULINO,2018-11-12,0.0
2018-0123,2018-11-12,AUTO,CONDUCTOR,25.0,MASCULINO,2018-11-12,0.0
2018-0124,2018-11-15,CARGAS,CONDUCTOR,44.0,MASCULINO,2018-11-15,0.0
2018-0125,2018-11-16,PEATON,PEATON,29.0,MASCULINO,2018-11-17,1.0
2018-0126,2018-11-18,MOTO,CONDUCTOR,27.0,MASCULINO,2018-11-23,5.0
2018-0127,2018-11-19,MOTO,CONDUCTOR,29.0,MASCULINO,2018-11-19,0.0
2018-0128,2018-11-25,AUTO,PASAJERO_ACOMPAÑANTE,49.0,MASCULINO,2018-11-25,0.0
2018-0128,2018-11-25,AUTO,PASAJERO_ACOMPAÑANTE,39.0,FEMENINO,2018-11-25,0.0
2018-0129,2018-11-28,MOTO,CONDUCTOR,37.0,MASCULINO,2018-11-30,2.0
2018-0130,2018-12-03,MOTO,CONDUCTOR,,MASCULINO,2018-12-03,0.0
2018-0131,2018-12-07,MOTO,CONDUCTOR,29.0,MASCULINO,2018-12-07,0.0
2018-0132,2018-12-12,PEATON,PEATON,70.0,MASCULINO,2018-12-12,0.0
2018-0133,2018-12-12,PEATON,PEATON,60.0,FEMENINO,2018-12-12,0.0
2018-0134,2018-12-12,PEATON,PEATON,56.0,MASCULINO,2018-12-13,1.0
2018-0135,2018-12-18,PEATON,PEATON,80.0,MASCULINO,2018-12-22,4.0
2018-0136,2018-12-18,PEATON,PEATON,70.0,FEMENINO,2018-12-18,0.0
2018-0137,2018-12-18,MOTO,PASAJERO_ACOMPAÑANTE,29.0,MASCULINO,2018-12-19,1.0
2018-0138,2018-12-21,PASAJEROS,PASAJERO_ACOMPAÑANTE,79.0,FEMENINO,2018-12-21,0.0
2018-0139,2018-12-22,MOTO,PASAJERO_ACOMPAÑANTE,28.0,MASCULINO,2018-12-24,2.0
2018-0140,2018-12-22,AUTO,CONDUCTOR,78.0,MASCULINO,2018-12-22,0.0
2018-0141,2018-12-22,PEATON,PEATON,75.0,MASCULINO,2018-12-24,2.0
2018-0142,2018-12-25,CARGAS,PASAJERO_ACOMPAÑANTE,32.0,MASCULINO,2019-01-01,7.0
2018-0143,2018-12-29,MOTO,CONDUCTOR,22.0,MASCULINO,2018-12-29,0.0
2019-0001,2019-01-08,MOTO,CONDUCTOR,25.0,MASCULINO,2019-01-08,0.0
2019-0002,2019-01-09,AUTO,CONDUCTOR,32.0,MASCULINO,2019-01-09,0.0
2019-0003,2019-01-12,MOTO,CONDUCTOR,23.0,MASCULINO,2019-01-12,0.0
2019-0004,2019-01-14,AUTO,CONDUCTOR,71.0,MASCULINO,2019-01-14,0.0
2019-0005,2019-01-19,MOTO,CONDUCTOR,43.0,MASCULINO,2019-01-19,0.0
2019-0006,2019-01-23,PEATON,PEATON,12.0,FEMENINO,2019-01-23,0.0
2019-0007,2019-01-26,MOTO,CONDUCTOR,35.0,MASCULINO,2019-01-26,0.0
2019-0008,2019-01-30,MOTO,CONDUCTOR,42.0,MASCULINO,2019-01-31,1.0
2019-0009,2019-01-31,MOTO,CONDUCTOR,34.0,MASCULINO,2019-01-31,0.0
2019-0010,2019-02-02,PEATON,PEATON,,MASCULINO,2019-02-02,0.0
2019-0010,2019-02-02,PEATON,PEATON,59.0,MASCULINO,2019-02-02,0.0
2019-0011,2019-02-10,PEATON,PEATON,,MASCULINO,2019-02-10,0.0
2019-0012,2019-02-17,MOTO,CONDUCTOR,31.0,MASCULINO,2019-02-20,3.0
2019-0013,2019-02-20,PEATON,PEATON,39.0,MASCULINO,2019-03-02,10.0
2019-0014,2019-02-20,MOTO,CONDUCTOR,69.0,MASCULINO,2019-02-20,0.0
2019-0015,2019-02-23,AUTO,CONDUCTOR,21.0,MASCULINO,2019-02-23,0.0
2019-0016,2019-02-24,MOTO,CONDUCTOR,40.0,MASCULINO,2019-02-24,0.0
2019-0017,2019-03-03,AUTO,CONDUCTOR,22.0,MASCULINO,2019-03-07,4.0
2019-0018,2019-03-03,PEATON,PEATON,29.0,FEMENINO,2019-03-03,0.0
2019-0019,2019-03-06,MOTO,CONDUCTOR,,MASCULINO,2019-03-26,20.0
2019-0020,2019-03-07,MOTO,CONDUCTOR,43.0,MASCULINO,2019-03-07,0.0
2019-0021,2019-03-15,MOTO,CONDUCTOR,23.0,MASCULINO,2019-03-16,1.0
2019-0022,2019-03-15,AUTO,PASAJERO_ACOMPAÑANTE,,MASCULINO,2019-03-15,0.0
2019-0023,2019-03-16,AUTO,CONDUCTOR,34.0,MASCULINO,2019-03-16,0.0
2019-0024,2019-03-19,MOTO,CONDUCTOR,32.0,MASCULINO,2019-03-19,0.0
2019-0025,2019-03-22,PEATON,PEATON,27.0,MASCULINO,2019-04-04,13.0
2019-0026,2019-03-28,PEATON,PEATON,,MASCULINO,2019-03-28,0.0
2019-0027,2019-03-28,BICICLETA,CICLISTA,37.0,MASCULINO,2019-03-28,0.0
2019-0028,2019-04-06,PEATON,PEATON,,FEMENINO,2019-04-06,0.0
2019-0029,2019-04-07,MOTO,CONDUCTOR,27.0,MASCULINO,2019-04-07,0.0
2019-0030,2019-04-09,MOTO,CONDUCTOR,25.0,MASCULINO,2019-04-09,0.0
2019-0031,2019-04-12,BICICLETA,CICLISTA,20.0,MASCULINO,2019-04-12,0.0
2019-0032,2019-04-16,PEATON,PEATON,83.0,FEMENINO,2019-04-18,2.0
2019-0033,2019-04-18,MOTO,CONDUCTOR,25.0,MASCULINO,2019-04-18,0.0
2019-0034,2019-04-21,MOTO,CONDUCTOR,,MASCULINO,2019-04-21,0.0
2019-0035,2019-04-23,PEATON,PEATON,75.0,FEMENINO,2019-04-23,0.0
2019-0036,2019-04-26,MOTO,CONDUCTOR,34.0,MASCULINO,2019-05-02,6.0
2019-0037,2019-05-01,MOTO,CONDUCTOR,17.0,MASCULINO,2019-05-01,0.0
2019-0038,2019-05-04,PEATON,PEATON,42.0,FEMENINO,2019-05-05,1.0
2019-0105,2019-05-05,PEATON,PEATON,82.0,FEMENINO,2019-05-08,3.0
2019-0039,2019-05-09,MOTO,CONDUCTOR,28.0,MASCULINO,2019-05-09,0.0
2019-0040,2019-05-09,MOTO,CONDUCTOR,44.0,MASCULINO,2019-05-15,6.0
2019-0041,2019-05-11,AUTO,PASAJERO_ACOMPAÑANTE,78.0,FEMENINO,2019-05-11,0.0
2019-0042,2019-05-14,PEATON,PEATON,39.0,MASCULINO,2019-05-14,0.0
2019-0043,2019-05-21,BICICLETA,CICLISTA,,FEMENINO,2019-05-21,0.0
2019-0044,2019-05-27,PEATON,PEATON,77.0,FEMENINO,2019-05-29,2.0
2019-0045,2019-06-03,MOTO,CONDUCTOR,33.0,MASCULINO,2019-06-03,0.0
2019-0046,2019-06-04,MOTO,PASAJERO_ACOMPAÑANTE,26.0,FEMENINO,2019-06-04,0.0
2019-0047,2019-06-06,PEATON,PEATON,76.0,MASCULINO,2019-06-06,0.0
2019-0048,2019-06-07,MOTO,CONDUCTOR,32.0,MASCULINO,2019-06-07,0.0
2019-0049,2019-06-08,PEATON,PEATON,72.0,FEMENINO,2019-06-09,1.0
2019-0050,2019-06-08,MOTO,CONDUCTOR,21.0,MASCULINO,2019-06-09,1.0
2019-0051,2019-06-11,MOTO,CONDUCTOR,41.0,MASCULINO,2019-06-11,0.0
2019-0053,2019-06-14,AUTO,PASAJERO_ACOMPAÑANTE,49.0,MASCULINO,2019-06-14,0.0
2019-0054,2019-06-20,MOTO,CONDUCTOR,21.0,MASCULINO,2019-06-20,0.0
2019-0055,2019-06-20,MOTO,CONDUCTOR,47.0,MASCULINO,2019-06-21,1.0
2019-0056,2019-06-29,PEATON,PEATON,75.0,FEMENINO,2019-06-29,0.0
2019-0057,2019-07-05,PEATON,PEATON,63.0,FEMENINO,2019-07-08,3.0
2019-0058,2019-07-10,MOTO,CONDUCTOR,39.0,MASCULINO,2019-07-10,0.0
2019-0059,2019-07-13,MOTO,CONDUCTOR,30.0,MASCULINO,2019-07-13,0.0
2019-0060,2019-07-17,PEATON,PEATON,78.0,FEMENINO,2019-07-17,0.0
2019-0061,2019-07-17,PEATON,PEATON,58.0,FEMENINO,2019-07-17,0.0
2019-0062,2019-08-01,PEATON,PEATON,60.0,FEMENINO,2019-08-02,1.0
2019-0063,2019-08-04,MOTO,PASAJERO_ACOMPAÑANTE,,MASCULINO,2019-08-04,0.0
2019-0064,2019-08-06,MOTO,CONDUCTOR,20.0,MASCULINO,2019-08-06,0.0
2019-0065,2019-08-08,PEATON,PEATON,55.0,FEMENINO,2019-08-09,1.0
2019-0066,2019-08-11,PEATON,PEATON,40.0,MASCULINO,2019-08-11,0.0
2019-0067,2019-08-14,MOTO,CONDUCTOR,35.0,MASCULINO,2019-08-14,0.0
2019-0068,2019-08-14,MOTO,CONDUCTOR,53.0,MASCULINO,2019-08-14,0.0
2019-0069,2019-08-17,MOTO,CONDUCTOR,43.0,MASCULINO,2019-08-17,0.0
2019-0070,2019-08-22,MOTO,CONDUCTOR,25.0,MASCULINO,2019-08-22,0.0
2019-0071,2019-08-27,PEATON,PEATON,,MASCULINO,2019-08-27,0.0
2019-0072,2019-08-28,AUTO,CONDUCTOR,22.0,MASCULINO,2019-09-02,5.0
2019-0073,2019-08-29,AUTO,CONDUCTOR,29.0,MASCULINO,2019-09-06,8.0
2019-0074,2019-08-29,MOTO,CONDUCTOR,35.0,MASCULINO,2019-08-29,0.0
2019-0075,2019-08-30,MOTO,CONDUCTOR,31.0,MASCULINO,2019-08-30,0.0
2019-0076,2019-09-05,MOTO,CONDUCTOR,29.0,FEMENINO,2019-09-05,0.0
2019-0077,2019-09-08,PEATON,PEATON,28.0,FEMENINO,2019-09-08,0.0
2019-0078,2019-09-12,PEATON,PEATON,72.0,FEMENINO,2019-09-15,3.0
2019-0079,2019-09-17,MOTO,CONDUCTOR,57.0,MASCULINO,2019-09-17,0.0
2019-0080,2019-09-17,PEATON,PEATON,76.0,MASCULINO,2019-09-17,0.0
2019-0081,2019-09-23,PEATON,PEATON,67.0,MASCULINO,2019-10-07,14.0
2019-0082,2019-09-25,BICICLETA,CICLISTA,47.0,MASCULINO,2019-09-25,0.0
2019-0083,2019-09-26,AUTO,CONDUCTOR,73.0,MASCULINO,2019-09-26,0.0
2019-0084,2019-09-27,BICICLETA,CICLISTA,40.0,FEMENINO,2019-09-27,0.0
2019-0085,2019-10-09,BICICLETA,CICLISTA,20.0,MASCULINO,2019-10-09,0.0
2019-0086,2019-10-15,MOTO,CONDUCTOR,29.0,MASCULINO,2019-10-15,0.0
2019-0087,2019-10-21,MOTO,CONDUCTOR,41.0,MASCULINO,2019-10-21,0.0
2019-0088,2019-10-22,PEATON,PEATON,27.0,MASCULINO,2019-10-22,0.0
2019-0089,2019-10-23,PEATON,PEATON,92.0,FEMENINO,2019-10-23,0.0
2019-0090,2019-10-24,PEATON,PEATON,67.0,MASCULINO,2019-10-26,2.0
2019-0091,2019-11-01,PEATON,PEATON,35.0,MASCULINO,2019-11-01,0.0
2019-0092,2019-11-03,PEATON,PEATON,37.0,MASCULINO,2019-11-03,0.0
2019-0093,2019-11-13,BICICLETA,CICLISTA,16.0,MASCULINO,2019-11-13,0.0
2019-0094,2019-11-18,MOTO,PASAJERO_ACOMPAÑANTE,,FEMENINO,2019-11-18,0.0
2019-0095,2019-11-20,MOTO,CONDUCTOR,,MASCULINO,2019-11-20,0.0
2019-0096,2019-11-22,PEATON,PEATON,73.0,MASCULINO,2019-11-22,0.0
2019-0097,2019-11-25,MOTO,PASAJERO_ACOMPAÑANTE,23.0,FEMENINO,2019-11-25,0.0
2019-0098,2019-11-25,PASAJEROS,PASAJERO_ACOMPAÑANTE,61.0,FEMENINO,2019-11-29,4.0
2019-0100,2019-12-05,MOTO,CONDUCTOR,38.0,MASCULINO,2019-12-18,13.0
2019-0101,2019-12-17,MOTO,CONDUCTOR,25.0,MASCULINO,2019-12-17,0.0
2019-0102,2019-12-17,MOTO,CONDUCTOR,18.0,MASCULINO,2019-12-18,1.0
2019-0103,2019-12-18,MOTO,CONDUCTOR,24.0,MASCULINO,2019-12-18,0.0
2019-0104,2019-12-21,MOTO,PASAJERO_ACOMPAÑANTE,23.0,FEMENINO,2019-12-22,1.0
2020-0001,2020-01-04,PEATON,PEATON,87.0,FEMENINO,2020-01-04,0.0
2020-0002,2020-01-05,MOTO,CONDUCTOR,36.0,MASCULINO,2020-01-07,2.0
2020-0003,2020-01-11,PEATON,PEATON,44.0,MASCULINO,2020-01-11,0.0
2020-0004,2020-01-14,PEATON,PEATON,82.0,MASCULINO,2020-01-15,1.0
2020-0005,2020-01-14,MOTO,CONDUCTOR,25.0,MASCULINO,2020-02-10,27.0
2020-0006,2020-01-20,MOTO,CONDUCTOR,23.0,MASCULINO,2020-01-20,0.0
2020-0007,2020-01-27,PEATON,PEATON,52.0,MASCULINO,2020-01-27,0.0
2020-0008,2020-01-30,MOTO,CONDUCTOR,49.0,MASCULINO,2020-01-30,0.0
2020-0009,2020-02-04,PEATON,PEATON,48.0,MASCULINO,2020-02-05,1.0
2020-0010,2020-02-08,MOTO,CONDUCTOR,,MASCULINO,2020-02-08,0.0
2020-0011,2020-02-12,MOTO,CONDUCTOR,31.0,MASCULINO,2020-02-12,0.0
2020-0012,2020-02-18,PEATON,PEATON,66.0,FEMENINO,2020-02-18,0.0
2020-0013,2020-02-20,PEATON,PEATON,58.0,FEMENINO,2020-03-03,12.0
2020-0014,2020-02-27,MOTO,CONDUCTOR,,MASCULINO,2020-02-27,0.0
2020-0015,2020-02-28,MOTO,CONDUCTOR,29.0,MASCULINO,2020-02-28,0.0
2020-0016,2020-02-29,PEATON,PEATON,68.0,MASCULINO,2020-03-09,9.0
2020-0017,2020-03-05,PEATON,PEATON,,MASCULINO,2020-03-05,0.0
2020-0018,2020-03-09,MOTO,CONDUCTOR,31.0,MASCULINO,2020-03-09,0.0
2020-0019,2020-03-10,PEATON,PEATON,80.0,FEMENINO,2020-03-10,0.0
2020-0020,2020-03-13,PEATON,PEATON,74.0,FEMENINO,2020-03-17,4.0
2020-0021,2020-03-14,PEATON,PEATON,87.0,FEMENINO,2020-03-14,0.0
2020-0022,2020-04-07,AUTO,PASAJERO_ACOMPAÑANTE,44.0,MASCULINO,2020-04-07,0.0
2020-0023,2020-04-09,AUTO,CONDUCTOR,44.0,MASCULINO,2020-05-03,24.0
2020-0024,2020-04-24,AUTO,CONDUCTOR,53.0,MASCULINO,2020-04-24,0.0
2020-0025,2020-05-12,PEATON,PEATON,,MASCULINO,2020-05-12,0.0
2020-0026,2020-05-17,MOTO,CONDUCTOR,28.0,MASCULINO,2020-05-17,0.0
2020-0027,2020-05-18,PEATON,PEATON,76.0,MASCULINO,2020-05-18,0.0
2020-0028,2020-05-19,PEATON,PEATON,91.0,MASCULINO,2020-05-23,4.0
2020-0029,2020-06-10,PEATON,PEATON,80.0,MASCULINO,2020-06-12,2.0
2020-0030,2020-06-16,MOTO,CONDUCTOR,40.0,MASCULINO,2020-06-16,0.0
2020-0031,2020-06-30,MOTO,CONDUCTOR,29.0,MASCULINO,2020-06-30,0.0
2020-0032,2020-07-10,MOTO,CONDUCTOR,21.0,MASCULINO,2020-07-10,0.0
2020-0033,2020-07-19,AUTO,CONDUCTOR,32.0,MASCULINO,2020-07-19,0.0
2020-0034,2020-08-02,PEATON,PEATON,,FEMENINO,2020-08-02,0.0
2020-0035,2020-08-04,MOTO,CONDUCTOR,40.0,MASCULINO,2020-08-04,0.0
2020-0036,2020-08-07,PEATON,PEATON,72.0,MASCULINO,2020-08-22,15.0
2020-0037,2020-08-29,PEATON,PEATON,38.0,MASCULINO,2020-08-29,0.0
2020-0038,2020-08-30,AUTO,CONDUCTOR,46.0,MASCULINO,2020-08-30,0.0
2020-0038,2020-08-30,AUTO,CONDUCTOR,64.0,MASCULINO,2020-08-30,0.0
2020-0039,2020-09-01,PEATON,PEATON,44.0,MASCULINO,2020-09-01,0.0
2020-0040,2020-09-12,AUTO,CONDUCTOR,,MASCULINO,2020-09-12,0.0
2020-0041,2020-09-28,MOTO,CONDUCTOR,34.0,MASCULINO,2020-09-28,0.0
2020-0042,2020-09-29,PEATON,PEATON,53.0,FEMENINO,2020-09-29,0.0
2020-0043,2020-09-30,PEATON,PEATON,64.0,MASCULINO,2020-09-30,0.0
2020-0044,2020-10-05,AUTO,CONDUCTOR,43.0,MASCULINO,2020-10-05,0.0
2020-0045,2020-10-19,AUTO,CONDUCTOR,50.0,MASCULINO,2020-10-19,0.0
2020-0046,2020-10-27,MOTO,CONDUCTOR,41.0,MASCULINO,2020-10-27,0.0
2020-0047,2020-10-27,PEATON,PEATON,15.0,MASCULINO,2020-10-27,0.0
2020-0048,2020-10-29,MOTO,CONDUCTOR,41.0,MASCULINO,2020-10-29,0.0
2020-0049,2020-10-30,PEATON,PEATON,36.0,MASCULINO,2020-10-30,0.0
2020-0050,2020-11-01,PEATON,PEATON,28.0,FEMENINO,2020-11-01,0.0
2020-0051,2020-11-05,MOTO,CONDUCTOR,49.0,MASCULINO,2020-11-05,0.0
2020-0052,2020-11-07,BICICLETA,CICLISTA,44.0,MASCULINO,2020-11-07,0.0
2020-0053,2020-11-09,AUTO,PASAJERO_ACOMPAÑANTE,27.0,MASCULINO,2020-11-09,0.0
2020-0054,2020-11-19,BICICLETA,CICLISTA,59.0,MASCULINO,2020-11-23,4.0
2020-0055,2020-11-19,PEATON,PEATON,91.0,MASCULINO,2020-12-11,22.0
2020-0056,2020-11-21,MOTO,CONDUCTOR,34.0,FEMENINO,2020-11-21,0.0
2020-0057,2020-11-23,PEATON,PEATON,84.0,MASCULINO,2020-11-23,0.0
2020-0058,2020-11-24,PEATON,PEATON,57.0,MASCULINO,2020-11-25,1.0
2020-0059,2020-12-01,PEATON,PEATON,49.0,FEMENINO,2020-12-14,13.0
2020-0060,2020-12-03,PEATON,PEATON,69.0,FEMENINO,2020-12-03,0.0
2020-0061,2020-12-03,MOTO,CONDUCTOR,45.0,MASCULINO,2020-12-04,1.0
2020-0062,2020-12-04,BICICLETA,CICLISTA,47.0,MASCULINO,2020-12-04,0.0
2020-0063,2020-12-05,PEATON,PEATON,38.0,MASCULINO,2020-12-05,0.0
2020-0063,2020-12-05,MOTO,PASAJERO_ACOMPAÑANTE,21.0,MASCULINO,2020-12-05,0.0
2020-0065,2020-12-05,MOTO,CONDUCTOR,24.0,MASCULINO,2020-12-06,1.0
2020-0066,2020-12-07,MOTO,CONDUCTOR,27.0,MASCULINO,2020-12-07,0.0
2020-0067,2020-12-11,PEATON,PEATON,51.0,MASCULINO,2020-12-11,0.0
2020-0068,2020-12-12,MOTO,CONDUCTOR,71.0,MASCULINO,2020-12-20,8.0
2020-0069,2020-12-15,MOTO,PASAJERO_ACOMPAÑANTE,25.0,MASCULINO,2020-12-15,0.0
2020-0070,2020-12-17,PEATON,PEATON,81.0,FEMENINO,2020-12-22,5.0
2020-0071,2020-12-17,PEATON,PEATON,4.0,MASCULINO,2020-12-17,0.0
2020-0072,2020-12-19,BICICLETA,CICLISTA,42.0,MASCULINO,2020-12-19,0.0
2020-0073,2020-12-20,MOTO,CONDUCTOR,56.0,MASCULINO,2020-12-20,0.0
2020-0074,2020-12-20,AUTO,CONDUCTOR,39.0,MASCULINO,2020-12-20,0.0
2020-0075,2020-12-23,PEATON,PEATON,23.0,MASCULINO,2020-12-23,0.0
2020-0076,2020-12-24,AUTO,CONDUCTOR,78.0,FEMENINO,2021-01-17,24.0
2020-0077,2020-12-25,MOTO,CONDUCTOR,30.0,FEMENINO,2020-12-25,0.0
2020-0077,2020-12-25,MOTO,PASAJERO_ACOMPAÑANTE,24.0,FEMENINO,2020-12-25,0.0
2020-0078,2020-12-25,BICICLETA,CICLISTA,26.0,MASCULINO,2020-12-25,0.0
2020-0079,2020-12-27,MOTO,CONDUCTOR,28.0,MASCULINO,2020-12-27,0.0
2021-0001,2021-01-06,MOTO,CONDUCTOR,36.0,MASCULINO,2021-01-06,0.0
2021-0002,2021-01-07,MOTO,CONDUCTOR,47.0,FEMENINO,2021-01-07,0.0
2021-0003,2021-01-10,MOTO,CONDUCTOR,27.0,MASCULINO,2021-01-10,0.0
2021-0004,2021-01-11,PEATON,PEATON,61.0,FEMENINO,2021-01-11,0.0
2021-0005,2021-01-11,PEATON,PEATON,73.0,MASCULINO,2021-01-14,3.0
2021-0006,2021-01-12,MOTO,PASAJERO_ACOMPAÑANTE,23.0,FEMENINO,2021-01-12,0.0
2021-0007,2021-01-18,MOTO,CONDUCTOR,84.0,MASCULINO,2021-01-26,8.0
2021-0008,2021-01-22,PEATON,PEATON,28.0,MASCULINO,2021-01-22,0.0
2021-0009,2021-01-23,MOTO,CONDUCTOR,31.0,MASCULINO,2021-01-23,0.0
2021-0010,2021-01-23,MOTO,CONDUCTOR,28.0,MASCULINO,2021-01-23,0.0
2021-0011,2021-01-27,PEATON,PEATON,21.0,MASCULINO,2021-01-27,0.0
2021-0012,2021-01-29,PEATON,PEATON,,MASCULINO,2021-01-29,0.0
2021-0013,2021-01-31,MOTO,CONDUCTOR,41.0,MASCULINO,2021-01-31,0.0
2021-0014,2021-02-02,PEATON,PEATON,28.0,MASCULINO,2021-02-18,16.0
2021-0015,2021-02-06,MOTO,CONDUCTOR,26.0,MASCULINO,2021-02-06,0.0
2021-0016,2021-02-14,AUTO,CONDUCTOR,22.0,MASCULINO,2021-02-14,0.0
2021-0017,2021-02-17,MOTO,CONDUCTOR,33.0,MASCULINO,2021-02-17,0.0
2021-0018,2021-02-20,PEATON,PEATON,36.0,MASCULINO,2021-03-08,16.0
2021-0019,2021-02-21,MOTO,CONDUCTOR,30.0,MASCULINO,2021-02-21,0.0
2021-0020,2021-02-21,PEATON,PEATON,,FEMENINO,2021-02-21,0.0
2021-0021,2021-02-26,MOTO,CONDUCTOR,39.0,MASCULINO,2021-03-04,6.0
2021-0022,2021-02-28,PASAJEROS,PASAJERO_ACOMPAÑANTE,68.0,MASCULINO,2021-03-06,6.0
2021-0023,2021-03-01,MOTO,CONDUCTOR,24.0,MASCULINO,2021-03-01,0.0
2021-0024,2021-03-03,BICICLETA,CICLISTA,5.0,MASCULINO,2021-03-03,0.0
2021-0025,2021-03-11,MOTO,CONDUCTOR,37.0,MASCULINO,2021-03-11,0.0
2021-0026,2021-03-15,MOTO,CONDUCTOR,36.0,MASCULINO,2021-03-15,0.0
2021-0027,2021-03-16,MOTO,CONDUCTOR,19.0,FEMENINO,2021-03-16,0.0
2021-0028,2021-03-29,PEATON,PEATON,,MASCULINO,2021-03-29,0.0
2021-0029,2021-03-31,AUTO,CONDUCTOR,26.0,MASCULINO,2021-04-02,2.0
2021-0030,2021-04-03,PEATON,PEATON,36.0,MASCULINO,2021-04-07,4.0
2021-0031,2021-04-07,PEATON,PEATON,68.0,FEMENINO,2021-04-11,4.0
2021-0032,2021-04-10,PEATON,PEATON,60.0,MASCULINO,2021-04-29,19.0
2021-0033,2021-04-14,AUTO,CONDUCTOR,33.0,MASCULINO,2021-04-14,0.0
2021-0034,2021-04-19,MOTO,PASAJERO_ACOMPAÑANTE,26.0,FEMENINO,2021-04-19,0.0
2021-0035,2021-05-03,MOTO,CONDUCTOR,24.0,MASCULINO,2021-05-03,0.0
2021-0036,2021-05-09,MOTO,CONDUCTOR,36.0,MASCULINO,2021-05-09,0.0
2021-0037,2021-05-11,PEATON,PEATON,58.0,FEMENINO,2021-05-11,0.0
2021-0038,2021-05-14,MOTO,CONDUCTOR,44.0,FEMENINO,2021-05-14,0.0
2021-0039,2021-05-15,BICICLETA,CICLISTA,86.0,MASCULINO,2021-06-05,21.0
2021-0040,2021-05-20,MOTO,CONDUCTOR,27.0,MASCULINO,2021-05-20,0.0
2021-0041,2021-05-20,PEATON,PEATON,75.0,MASCULINO,2021-05-20,0.0
2021-0042,2021-05-21,PEATON,PEATON,39.0,MASCULINO,2021-05-21,0.0
2021-0043,2021-05-22,PEATON,PEATON,50.0,MASCULINO,2021-05-22,0.0
2021-0044,2021-05-25,MOTO,PASAJERO_ACOMPAÑANTE,21.0,MASCULINO,2021-05-25,0.0
2021-0045,2021-05-26,MOTO,CONDUCTOR,22.0,MASCULINO,2021-05-26,0.0
2021-0046,2021-05-31,AUTO,PASAJERO_ACOMPAÑANTE,20.0,MASCULINO,2021-05-31,0.0
2021-0047,2021-06-02,MOTO,CONDUCTOR,59.0,MASCULINO,2021-06-02,0.0
2021-0048,2021-06-03,BICICLETA,CICLISTA,44.0,MASCULINO,2021-06-23,20.0
2021-0049,2021-06-03,AUTO,CONDUCTOR,74.0,MASCULINO,2021-06-03,0.0
2021-0050,2021-06-10,MOTO,CONDUCTOR,56.0,MASCULINO,2021-06-10,0.0
2021-0051,2021-06-15,PEATON,PEATON,73.0,MASCULINO,2021-06-16,1.0
2021-0052,2021-06-20,MOTO,PASAJERO_ACOMPAÑANTE,19.0,FEMENINO,2021-06-20,0.0
2021-0053,2021-06-20,PEATON,PEATON,58.0,MASCULINO,2021-06-30,10.0
2021-0054,2021-06-22,MOTO,CONDUCTOR,41.0,MASCULINO,2021-06-22,0.0
2021-0055,2021-06-29,MOTO,PASAJERO_ACOMPAÑANTE,47.0,MASCULINO,2021-06-29,0.0
2021-0056,2021-07-09,BICICLETA,CICLISTA,60.0,MASCULINO,2021-07-09,0.0
2021-0057,2021-07-10,AUTO,CONDUCTOR,46.0,MASCULINO,2021-07-10,0.0
2021-0058,2021-07-21,PEATON,PEATON,24.0,MASCULINO,2021-07-21,0.0
2021-0059,2021-07-22,AUTO,PASAJERO_ACOMPAÑANTE,44.0,FEMENINO,2021-07-22,0.0
2021-0060,2021-07-22,PEATON,PEATON,80.0,FEMENINO,2021-07-22,0.0
2021-0061,2021-07-24,PEATON,PEATON,55.0,FEMENINO,2021-07-24,0.0
2021-0062,2021-07-27,AUTO,CONDUCTOR,73.0,MASCULINO,2021-07-27,0.0
2021-0063,2021-08-02,AUTO,PASAJERO_ACOMPAÑANTE,31.0,FEMENINO,2021-08-02,0.0
2021-0064,2021-08-02,PEATON,PEATON,37.0,MASCULINO,2021-08-03,1.0
2021-0065,2021-08-06,PEATON,PEATON,63.0,FEMENINO,2021-08-10,4.0
2021-0066,2021-08-06,PEATON,PEATON,59.0,MASCULINO,2021-08-09,3.0
2021-0067,2021-08-08,MOTO,CONDUCTOR,27.0,MASCULINO,2021-08-08,0.0
2021-0068,2021-08-15,MOTO,CONDUCTOR,39.0,MASCULINO,2021-08-15,0.0
2021-0069,2021-08-20,PEATON,PEATON,17.0,MASCULINO,2021-08-21,1.0
2021-0070,2021-08-28,MOTO,CONDUCTOR,31.0,MASCULINO,2021-08-28,0.0
2021-0071,2021-08-31,PEATON,PEATON,88.0,MASCULINO,2021-09-01,1.0
2021-0072,2021-09-01,PEATON,PEATON,57.0,FEMENINO,2021-09-01,0.0
2021-0073,2021-09-18,BICICLETA,CICLISTA,76.0,FEMENINO,2021-09-18,0.0
2021-0074,2021-09-20,MOTO,CONDUCTOR,55.0,MASCULINO,2021-09-20,0.0
2021-0075,2021-09-21,PEATON,PEATON,65.0,MASCULINO,2021-09-21,0.0
2021-0076,2021-10-16,MOTO,CONDUCTOR,31.0,MASCULINO,2021-10-16,0.0
2021-0077,2021-10-18,MOTO,CONDUCTOR,31.0,FEMENINO,2021-10-18,0.0
2021-0078,2021-10-23,MOTO,CONDUCTOR,22.0,MASCULINO,2021-10-23,0.0
2021-0079,2021-10-25,PEATON,PEATON,,MASCULINO,2021-10-25,0.0
2021-0080,2021-10-28,MOTO,CONDUCTOR,32.0,MASCULINO,2021-10-28,0.0
2021-0081,2021-11-02,MOTO,CONDUCTOR,26.0,MASCULINO,2021-11-02,0.0
2021-0082,2021-11-06,MOTO,CONDUCTOR,38.0,MASCULINO,2021-11-06,0.0
2021-0083,2021-11-09,MOTO,CONDUCTOR,30.0,MASCULINO,2021-11-09,0.0
2021-0084,2021-11-11,AUTO,CONDUCTOR,32.0,MASCULINO,2021-11-11,0.0
2021-0097,2021-11-18,BICICLETA,CICLISTA,53.0,MASCULINO,2021-11-19,1.0
2021-0085,2021-11-20,MOTO,CONDUCTOR,49.0,MASCULINO,2021-11-20,0.0
2021-0086,2021-11-25,PEATON,PEATON,75.0,MASCULINO,2021-11-25,0.0
2021-0087,2021-11-27,PEATON,PEATON,73.0,FEMENINO,2021-11-27,0.0
2021-0088,2021-12-01,MOTO,CONDUCTOR,45.0,MASCULINO,2021-12-07,6.0
2021-0089,2021-12-02,MOTO,CONDUCTOR,41.0,MASCULINO,2021-12-11,9.0
2021-0090,2021-12-10,PEATON,PEATON,73.0,MASCULINO,2022-01-03,24.0
2021-0091,2021-12-11,MOTO,CONDUCTOR,24.0,MASCULINO,2021-12-11,0.0
2021-0092,2021-12-12,PEATON,PEATON,50.0,FEMENINO,2021-12-12,0.0
2021-0093,2021-12-13,MOTO,PASAJERO_ACOMPAÑANTE,18.0,FEMENINO,2021-12-18,5.0
2021-0094,2021-12-20,MOTO,PASAJERO_ACOMPAÑANTE,43.0,FEMENINO,2021-12-20,0.0
2021-0095,2021-12-30,MOTO,CONDUCTOR,27.0,MASCULINO,2022-01-02,3.0
2021-0096,2021-12-15,AUTO,CONDUCTOR,60.0,MASCULINO,2021-12-20,5.0
